{
  "avg_cross_similarity": 0.3385984249280503,
  "avg_human_similarity": 0.3274891727759609,
  "avg_llm_similarity": 0.4059584924202366,
  "avg_nn_similarity": 0.6494924316324733,
  "persona_nn_similarities": {
    "competitive_bargainer": {
      "avg": 0.7048263801580278,
      "std": 0.03460916590337056,
      "min": 0.6396597589673073,
      "max": 0.7796245033165299
    },
    "empathetic_trader": {
      "avg": 0.5183010923616582,
      "std": 0.05311006433823466,
      "min": 0.4296094157426733,
      "max": 0.6092768719251843
    },
    "strategic_negotiator": {
      "avg": 0.7437099143709429,
      "std": 0.055253706116743344,
      "min": 0.644337840299157,
      "max": 0.846686550814629
    },
    "flexible_collaborator": {
      "avg": 0.6035860019403219,
      "std": 0.09524032342388615,
      "min": 0.4686358972019893,
      "max": 0.7509451846835606
    },
    "assertive_claimer": {
      "avg": 0.6770387693314165,
      "std": 0.15621864965989946,
      "min": 0.4695783292020568,
      "max": 0.8637203350689413
    }
  }
}