{
  "maml": {
    "1": [
      3.744444444444444,
      0.9375000000000001,
      0.9333333333333335,
      2.4527777777777775,
      2.4,
      1.692708333333333,
      -0.7,
      1.7885416666666671,
      2.0208333333333335,
      3.8858333333333333,
      3.4166666666666665,
      2.692857142857143,
      0.9000000000000001,
      1.1,
      1.0,
      2.3791666666666664,
      3.2520833333333337,
      2.69375,
      1.8479166666666667,
      3.166666666666667,
      -0.925,
      0.08333333333333331,
      -0.8,
      -1.15,
      -0.6000000000000001
    ],
    "3": [
      2.3500000000000005,
      1.7000000000000002,
      3.5083333333333337,
      1.5,
      3.9250000000000003,
      0.825,
      1.91875,
      1.0875,
      1.6916666666666667,
      2.45625,
      1.4,
      2.8,
      2.4000000000000004,
      1.4,
      0.8,
      2.0875,
      1.9583333333333333,
      2.1166666666666667,
      4.3125,
      1.7916666666666667,
      1.4500000000000002,
      -0.2,
      -0.41428571428571437,
      0.6000000000000001,
      -1.05
    ],
    "5": [
      4.0166666666666675,
      3.3666666666666667,
      2.5500000000000003,
      0.9375,
      1.85,
      0.8791666666666667,
      2.3333333333333335,
      2.2319444444444443,
      1.1062500000000002,
      1.540625,
      2.6166666666666667,
      0.6000000000000001,
      -0.5,
      0.9,
      1.8,
      4.7375,
      1.0125,
      2.8375,
      2.0,
      3.4541666666666666,
      -0.20000000000000007,
      1.4,
      -1.0,
      0.09999999999999998,
      -0.4
    ],
    "7": [
      3.45,
      2.6500000000000004,
      1.488888888888889,
      0.10000000000000003,
      1.6,
      -0.6041666666666666,
      -0.39826388888888886,
      0.775,
      1.7375000000000003,
      2.6624999999999996,
      2.6,
      2.0,
      3.0,
      0.0,
      1.0,
      3.0437499999999997,
      2.9916666666666667,
      3.0361111111111114,
      1.15,
      4.121031746031746,
      0.55,
      -0.6000000000000001,
      -0.014285714285714346,
      -0.6000000000000001,
      0.25
    ],
    "9": [
      2.816666666666667,
      2.2800000000000002,
      2.275,
      1.3,
      3.3833333333333337,
      3.7624999999999997,
      1.2375,
      3.645833333333333,
      0.2041666666666666,
      0.4625,
      1.0,
      1.5,
      2.75,
      0.9,
      2.05,
      2.841666666666667,
      3.4625000000000004,
      4.2875,
      3.465277777777778,
      3.3499999999999996,
      -0.06666666666666671,
      0.6000000000000001,
      -0.3500000000000001,
      5.551115123125783e-17,
      1.8
    ]
  },
  "baseline_random": {
    "1": [
      2.808333333333333,
      0.7031250000000001,
      0.7000000000000001,
      1.8395833333333336,
      1.8000000000000003,
      1.26953125,
      -0.5249999999999999,
      1.3414062500000004,
      1.515625,
      2.914375,
      2.5625,
      2.0196428571428573,
      0.675,
      0.8250000000000002,
      0.75,
      1.784375,
      2.4390624999999995,
      2.0203125,
      1.3859375000000003,
      2.375,
      -0.6937500000000001,
      0.06249999999999989,
      -0.6000000000000001,
      -0.8625,
      -0.45000000000000007
    ],
    "3": [
      1.7625,
      1.2750000000000004,
      2.6312499999999996,
      1.125,
      2.94375,
      0.61875,
      1.4390625000000001,
      0.8156249999999999,
      1.26875,
      1.8421875,
      1.05,
      2.1,
      1.8,
      1.05,
      0.6,
      1.565625,
      1.46875,
      1.5875000000000004,
      3.234375,
      1.34375,
      1.0875000000000004,
      -0.15000000000000002,
      -0.31071428571428583,
      0.45000000000000007,
      -0.7875000000000001
    ],
    "5": [
      3.0125,
      2.525,
      1.9125000000000003,
      0.703125,
      1.3875000000000002,
      0.659375,
      1.7500000000000002,
      1.6739583333333334,
      0.8296875,
      1.1554687499999998,
      1.9625,
      0.45000000000000007,
      -0.375,
      0.675,
      1.35,
      3.5531249999999996,
      0.7593749999999999,
      2.128125,
      1.5,
      2.590625,
      -0.15000000000000013,
      1.0499999999999998,
      -0.7500000000000001,
      0.07499999999999984,
      -0.30000000000000004
    ],
    "7": [
      2.5875,
      1.9874999999999998,
      1.1166666666666667,
      0.07500000000000001,
      1.2,
      -0.453125,
      -0.2986979166666667,
      0.5812499999999999,
      1.303125,
      1.9968749999999997,
      1.9500000000000002,
      1.5,
      2.25,
      0.0,
      0.75,
      2.2828125,
      2.2437500000000004,
      2.2770833333333336,
      0.8625,
      3.0907738095238093,
      0.4125,
      -0.45000000000000007,
      -0.010714285714285787,
      -0.45000000000000007,
      0.1875
    ],
    "9": [
      2.1125,
      1.7100000000000002,
      1.7062500000000003,
      0.9750000000000001,
      2.5375,
      2.8218749999999995,
      0.9281250000000001,
      2.7343750000000004,
      0.1531249999999999,
      0.34687500000000004,
      0.75,
      1.125,
      2.0625,
      0.675,
      1.5375,
      2.13125,
      2.5968750000000003,
      3.215625,
      2.598958333333333,
      2.5125,
      -0.050000000000000044,
      0.44999999999999996,
      -0.26250000000000007,
      0.0,
      1.35
    ]
  },
  "baseline_population": {
    "1": [
      3.182777777777778,
      0.7968749999999999,
      0.7933333333333333,
      2.084861111111111,
      2.04,
      1.438802083333333,
      -0.595,
      1.520260416666667,
      1.7177083333333334,
      3.3029583333333337,
      2.904166666666667,
      2.2889285714285714,
      0.7649999999999999,
      0.9349999999999999,
      0.85,
      2.0222916666666664,
      2.7642708333333332,
      2.2896875,
      1.5707291666666667,
      2.6916666666666664,
      -0.78625,
      0.07083333333333325,
      -0.68,
      -0.9775,
      -0.51
    ],
    "3": [
      1.9975,
      1.4449999999999998,
      2.982083333333333,
      1.275,
      3.33625,
      0.7012499999999999,
      1.6309375,
      0.924375,
      1.4379166666666667,
      2.0878125,
      1.19,
      2.38,
      2.04,
      1.19,
      0.6799999999999999,
      1.774375,
      1.6645833333333333,
      1.7991666666666668,
      3.665625,
      1.5229166666666667,
      1.2325000000000002,
      -0.17,
      -0.3521428571428572,
      0.51,
      -0.8925000000000001
    ],
    "5": [
      3.4141666666666666,
      2.861666666666667,
      2.1675,
      0.796875,
      1.5725,
      0.7472916666666667,
      1.9833333333333334,
      1.8971527777777777,
      0.9403125,
      1.30953125,
      2.2241666666666666,
      0.51,
      -0.42500000000000004,
      0.765,
      1.53,
      4.0268749999999995,
      0.860625,
      2.411875,
      1.7,
      2.9360416666666667,
      -0.17000000000000004,
      1.19,
      -0.8500000000000001,
      0.08499999999999996,
      -0.34
    ],
    "7": [
      2.9325,
      2.2525,
      1.2655555555555558,
      0.08499999999999999,
      1.3599999999999999,
      -0.5135416666666666,
      -0.3385243055555555,
      0.6587500000000002,
      1.476875,
      2.2631249999999996,
      2.21,
      1.7000000000000002,
      2.55,
      0.0,
      0.85,
      2.5871874999999998,
      2.5429166666666667,
      2.580694444444444,
      0.9774999999999999,
      3.5028769841269844,
      0.4675,
      -0.51,
      -0.012142857142857233,
      -0.51,
      0.21249999999999994
    ],